;TRADEDATE;SECID;OPEN;LOW;HIGH;CLOSE;VOLRUR;is_actual;last_CLOSE;short;long;diff;Stance;OBV;STHST_k;STHST_d;BBU;BBM;BBL;diff_st;Stance_st;Recommendation
0;2019-07-02;EURUSD000TOM;1.12924;1.12839;1.1315;1.1286200000000002;3335392870.96;Couple days lag;;1.1286200000000002;1.1286200000000002;0.0;0;3335392870.96;;;;;;;0;Ожидать (Hold)
1;2019-07-03;EURUSD000TOM;1.12802;1.12676;1.131;1.1277700000000002;8490427697.88;Couple days lag;;1.1281950000000003;1.1284500000000002;-0.0002549999999998942;0;-5155034826.92;;;;;;;0;Ожидать (Hold)
2;2019-07-04;EURUSD000TOM;1.12829;1.1271799999999998;1.12925;1.12925;2106010915.79;Couple days lag;;1.1287225000000003;1.1286100000000003;0.00011249999999995985;0;-3049023911.13;;;;;;;0;Ожидать (Hold)
3;2019-07-05;EURUSD000TOM;1.12748;1.1207200000000002;1.12748;1.1227;3695501017.3;Couple days lag;;1.1257112500000002;1.1274280000000003;-0.0017167500000001557;0;-6744524928.43;;;;;;;0;Ожидать (Hold)
4;2019-07-08;EURUSD000TOM;1.12171;1.1207;1.1233;1.121;1896104697.67;Couple days lag;;1.123355625;1.1261424000000002;-0.00278677500000013;0;-8640629626.1;;;;;;;0;Ожидать (Hold)
5;2019-07-09;EURUSD000TOM;1.12109;1.1195;1.1211799999999998;1.12058;4503658069.01;Couple days lag;;1.1219678124999999;1.1250299200000002;-0.003062107500000355;0;-13144287695.11;;;;;;;0;Ожидать (Hold)
6;2019-07-10;EURUSD000TOM;1.1208;1.1208;1.1262;1.12516;3114402199.85;Couple days lag;;1.1235639062499998;1.1250559360000003;-0.001492029750000512;0;-10029885495.26;;;;;;;0;Ожидать (Hold)
7;2019-07-11;EURUSD000TOM;1.1268200000000002;1.1244;1.12815;1.12516;4519775690.85;Couple days lag;;1.1243619531249998;1.1250767488000002;-0.0007147956750004347;0;-10029885495.26;;;;;;;0;Ожидать (Hold)
8;2019-07-12;EURUSD000TOM;1.12724;1.124;1.1273799999999998;1.1267399999999999;3850633958.46;Couple days lag;;1.1255509765624998;1.12540939904;0.00014157752249976951;0;-6179251536.8;;;;;;;0;Ожидать (Hold)
9;2019-07-15;EURUSD000TOM;1.12748;1.1255600000000001;1.12832;1.1255600000000001;1311345051.89;Couple days lag;;1.12555548828125;1.1254395192320001;0.00011596904924981999;0;-7490596588.690001;;;;;;;0;Ожидать (Hold)
10;2019-07-16;EURUSD000TOM;1.1255;1.12028;1.1255600000000001;1.12076;3818285238.62;Couple days lag;;1.123157744140625;1.1245036153856;-0.0013458712449749832;0;-11308881827.310001;;;;;;;0;Ожидать (Hold)
11;2019-07-17;EURUSD000TOM;1.12094;1.1205100000000001;1.1231;1.12228;3851843237.4;Couple days lag;;1.1227188720703125;1.1240588923084802;-0.001340020238167705;0;-7457038589.910002;;;;;;;0;Ожидать (Hold)
12;2019-07-18;EURUSD000TOM;1.12366;1.1203;1.1276;1.1273799999999998;3939783757.83;Couple days lag;;1.1250494360351562;1.1247231138467841;0.0003263221883720302;0;-3517254832.080002;;;;;;;0;Ожидать (Hold)
13;2019-07-19;EURUSD000TOM;1.1259;1.1205;1.1264399999999999;1.12144;2471374205.33;Couple days lag;;1.123244718017578;1.1240664910774274;-0.0008217730598494288;0;-5988629037.410002;;;;;;;0;Ожидать (Hold)
14;2019-07-22;EURUSD000TOM;1.12225;1.1206;1.12232;1.1208;2039611396.7;Couple days lag;;1.122022359008789;1.123413192861942;-0.001390833853152973;0;-8028240434.110002;;;;;;;0;Ожидать (Hold)
15;2019-07-23;EURUSD000TOM;1.1185;1.11458;1.11934;1.11535;3407649590.82;Couple days lag;;1.1186861795043945;1.1218005542895537;-0.0031143747851591908;0;-11435890024.930002;;;;;;;0;Ожидать (Hold)
16;2019-07-24;EURUSD000TOM;1.11514;1.113;1.11768;1.1136;5105350239.3;Couple days lag;;1.1161430897521973;1.120160443431643;-0.004017353679445668;-1;-16541240264.230003;4.5826280877301775;8.864904263933585;;;;-4.282276176203408;-1;Продавать (Short)
17;2019-07-25;EURUSD000TOM;1.1131799999999998;1.10984;1.1184;1.11395;7690923678.06;Couple days lag;;1.1150465448760987;1.1189183547453145;-0.0038718098692158698;-1;-8850316586.170002;13.07835441321072;8.645853319544713;;;;4.432501093666007;1;Покупать (Long)
18;2019-07-26;EURUSD000TOM;1.1143100000000001;1.1112;1.1143399999999999;1.1129;3707367902.08;Couple days lag;;1.1139732724380493;1.1177146837962517;-0.0037414113582023845;-1;-12557684488.250002;19.39935064935092;12.353444383430606;;;;7.0459062659203155;1;Покупать (Long)
19;2019-07-29;EURUSD000TOM;1.1124399999999999;1.1114;1.11485;1.11446;1668562792.14;Couple days lag;;1.1142166362190247;1.1170637470370015;-0.002847110817976839;0;-10889121696.110003;20.779220779221077;17.75230861392757;1.1321540271168797;1.121773;1.11139197288312;3.0269121652935063;1;Покупать (Long)
20;2019-07-30;EURUSD000TOM;1.11333;1.1132;1.1157700000000002;1.11534;3897979482.81;Couple days lag;;1.1147783181095123;1.1167189976296013;-0.001940679520088917;0;-6991142213.300003;27.380952380952657;22.51984126984155;1.1313511948820898;1.121109;1.11086680511791;4.861111111111107;1;Покупать (Long)
21;2019-07-31;EURUSD000TOM;1.11529;1.1059999999999999;1.11552;1.1078;3623323201.15;Couple days lag;;1.1112891590547562;1.114935198103681;-0.0036460390489247985;-1;-10614465414.450003;18.913210445468668;22.35779453521413;1.1314006133299834;1.1201104999999998;1.1088203866700161;-3.4445840897454616;-1;Продавать (Short)
22;2019-08-01;EURUSD000TOM;1.10402;1.1021;1.1091;1.1086799999999999;5218916024.19;Couple days lag;;1.109984579527378;1.1136841584829449;-0.00369957895556694;-1;-5395549390.260003;16.579931596171065;20.95803147419746;1.1305998376443847;1.119082;1.1075641623556152;-4.3780998780263936;-1;Продавать (Short)
23;2019-08-02;EURUSD000TOM;1.1083100000000001;1.0827;1.1115;1.11048;4618530586.94;Couple days lag;;1.110232289763689;1.113043326786356;-0.002811037022667051;0;-777018803.3200035;43.48308555838091;26.325409200006874;1.1304438106977446;1.1184709999999998;1.106498189302255;17.157676358374033;1;Покупать (Long)
24;2019-08-05;EURUSD000TOM;1.11131;1.1111;1.12115;1.1199;4604153773.0;Couple days lag;;1.1150661448818444;1.1144146614290849;0.0006514834527595603;0;3827134969.6799965;72.36080178173708;44.141272978763006;1.1303518843829405;1.1184159999999999;1.1064801156170592;28.219528802974075;1;Покупать (Long)
25;2019-08-06;EURUSD000TOM;1.11991;1.117;1.12151;1.1204;3675535753.2;Couple days lag;;1.1177330724409222;1.115611729143268;0.0021213432976543434;0;7502670722.879996;83.40757238307356;66.41715324106384;1.1303366137406838;1.118407;1.106477386259316;16.990419142009713;1;Покупать (Long)
26;2019-08-07;EURUSD000TOM;1.11999;1.11795;1.12401;1.1203;4252691031.37;Couple days lag;;1.1190165362204612;1.1165493833146143;0.00246715290584687;0;3249979691.5099964;84.96343548585875;80.24393655022313;1.1297258154285545;1.1181639999999997;1.1066021845714449;4.719498935635627;1;Покупать (Long)
27;2019-08-08;EURUSD000TOM;1.12042;1.11794;1.12285;1.11794;4388964114.65;Couple days lag;;1.1184782681102305;1.1168275066516915;0.0016507614585390407;0;-1138984423.1400032;85.63436348476307;84.66845711789846;1.1289104535336607;1.1178029999999999;1.106695546466339;0.9659063668646155;0;Ожидать (Hold)
28;2019-08-09;EURUSD000TOM;1.11873;1.1185;1.1221;1.1203;2075870234.25;Couple days lag;;1.1193891340551154;1.1175220053213533;0.0018671287337621578;0;936885811.1099968;88.16267247639809;86.25349048233996;1.1278845472798407;1.1174809999999997;1.1070774527201588;1.9091819940581303;1;Покупать (Long)
29;2019-08-12;EURUSD000TOM;1.11985;1.1162;1.12295;1.12124;3395707835.77;Couple days lag;;1.1203145670275578;1.1182656042570827;0.002048962770475171;0;4332593646.879997;92.15686274509827;88.65129956875313;1.127155355908867;1.1172649999999997;1.1073746440911325;3.5055631763451345;1;Покупать (Long)
30;2019-08-13;EURUSD000TOM;1.11954;1.117;1.1225;1.11714;4423929354.35;Couple days lag;;1.118727283513779;1.118040483405666;0.0006868001081128394;0;-91335707.47000313;88.332122972646;89.55055273138078;1.1268435192506219;1.1170839999999997;1.1073244807493776;-1.2184297587347714;-1;Продавать (Short)
31;2019-08-14;EURUSD000TOM;1.11737;1.11296;1.11886;1.1134;4839781167.81;Couple days lag;;1.1160636417568894;1.117112386724533;-0.0010487449676435112;0;-4931116875.280004;78.84289518276452;86.44396030016958;1.1262198935278447;1.1166399999999996;1.1070601064721546;-7.6010651174050565;-1;Продавать (Short)
32;2019-08-15;EURUSD000TOM;1.11497;1.10893;1.11558;1.1107;6996278671.46;Couple days lag;;1.1133818208784447;1.1158299093796265;-0.002448088501181722;0;-11927395546.740004;71.04817235536194;79.40773017025747;1.124348794390864;1.1158059999999996;1.1072632056091352;-8.359557814895524;-1;Продавать (Short)
33;2019-08-16;EURUSD000TOM;1.1102100000000001;1.1066200000000002;1.1105;1.10896;3351713404.98;Couple days lag;;1.1111709104392222;1.1144559275037011;-0.0032850170644789234;0;-15279108951.720003;65.67417090292912;71.85507948035185;1.1238102665700682;1.1151819999999997;1.1065537334299311;-6.180908577422727;-1;Продавать (Short)
34;2019-08-19;EURUSD000TOM;1.10953;1.10745;1.111;1.1079;827139654.94;Couple days lag;;1.109535455219611;1.113144742002961;-0.00360928678334993;-1;-16106248606.660004;62.285160977971586;66.33583474542087;1.1233162940491488;1.1145369999999999;1.105757705950851;-4.0506737674492825;-1;Продавать (Short)
35;2019-08-20;EURUSD000TOM;1.10764;1.1067;1.1106200000000002;1.10978;1230706247.88;Couple days lag;;1.1096577276098056;1.112471793602369;-0.002814065992563286;0;-14875542358.780003;63.27765674170924;63.7456628742033;1.1232673495937266;1.1142584999999998;1.105249650406273;-0.468006132494061;0;Ожидать (Hold)
36;2019-08-21;EURUSD000TOM;1.10886;1.10778;1.11058;1.1083399999999999;1524019863.12;Couple days lag;;1.1089988638049029;1.1116454348818952;-0.002646571076992288;0;-16399562221.900002;63.810215444202306;63.124344387961024;1.1233657560799475;1.1139954999999997;1.104625243920052;0.6858710562412824;0;Ожидать (Hold)
37;2019-08-22;EURUSD000TOM;1.10789;1.1061;1.111;1.1079999999999999;5976525521.62;Couple days lag;;1.1084994319024513;1.1109163479055162;-0.0024169160030649284;0;-22376087743.52;36.33794730125996;54.47527316239049;1.123426127466429;1.1136979999999999;1.1039698725335707;-18.137325861130527;-1;Продавать (Short)
38;2019-08-23;EURUSD000TOM;1.10685;1.10515;1.115;1.11348;4561021278.66;Couple days lag;;1.1109897159512256;1.111429078324413;-0.0004393623731873131;0;-17815066464.86;27.38807445972594;42.512079068396055;1.1234488950829413;1.1137269999999997;1.104005104917058;-15.124004608670116;-1;Продавать (Short)
39;2019-08-26;EURUSD000TOM;1.11374;1.1096;1.11375;1.10978;3172174152.56;Couple days lag;;1.1103848579756128;1.1110992626595304;-0.000714404683917591;0;-20987240617.420002;34.358430540827015;32.69481743393762;1.1233573055510493;1.1134929999999996;1.10362869444895;1.6636131068893931;1;Покупать (Long)
40;2019-08-27;EURUSD000TOM;1.11049;1.10858;1.1114600000000001;1.1089799999999999;2363958011.32;Couple days lag;;1.1096824289878064;1.1106754101276244;-0.000992981139817939;0;-23351198628.74;23.033082321540686;28.259862440697862;1.1231895484173489;1.1131749999999996;1.1031604515826503;-5.226780119157176;-1;Продавать (Short)
41;2019-08-28;EURUSD000TOM;1.1091;1.10733;1.10964;1.10745;2971205561.99;Couple days lag;;1.1085662144939032;1.1100303281020996;-0.0014641136081963158;0;-26322404190.730003;17.21910112359498;24.870204661987543;1.1232107062051917;1.1131574999999996;1.1031042937948075;-7.651103538392562;-1;Продавать (Short)
42;2019-08-29;EURUSD000TOM;1.10761;1.1039700000000001;1.1087;1.10538;5745832749.41;Couple days lag;;1.1069731072469517;1.1091002624816797;-0.002127155234727951;0;-32068236940.140003;10.175110405985993;16.809097950373868;1.1234350262749313;1.1129924999999996;1.102549973725068;-6.633987544387875;-1;Продавать (Short)
43;2019-08-30;EURUSD000TOM;1.1036700000000002;1.09633;1.1049;1.09934;4381570036.6;Couple days lag;;1.1031565536234758;1.1071482099853438;-0.003991656361868046;-1;-36449806976.740005;9.46529601177006;12.28650251378366;1.1244280384720065;1.1124354999999997;1.100442961527993;-2.821206502013599;-1;Продавать (Short)
44;2019-09-02;EURUSD000TOM;1.0981100000000001;1.0953;1.0985200000000002;1.0967200000000001;1123868451.59;Couple days lag;;1.0999382768117378;1.105062567988275;-0.005124291176537232;-1;-37573675428.33;8.764442106042004;9.468282841266001;1.1245693360782274;1.1112764999999998;1.0979836639217722;-0.7038407352239968;0;Ожидать (Hold)
45;2019-09-03;EURUSD000TOM;1.09406;1.0926;1.09876;1.097;3910939743.1;Couple days lag;;1.098469138405869;1.10345005439062;-0.004980915984751144;-1;-33662735685.230003;12.58712455357243;10.272287557128147;1.1240829062262547;1.1101064999999999;1.096130093773745;2.314836996444283;1;Покупать (Long)
46;2019-09-04;EURUSD000TOM;1.09782;1.0977;1.1035;1.1029;5432314440.68;Couple days lag;;1.1006845692029343;1.103340043512496;-0.0026554743095617006;0;-28230421244.550003;32.56461363918925;17.972060099601208;1.1227241821953482;1.1092364999999997;1.0957488178046513;14.592553539588039;1;Покупать (Long)
47;2019-09-05;EURUSD000TOM;1.10229;1.10176;1.10806;1.1033600000000001;4065474691.3;Couple days lag;;1.1020222846014671;1.103344034809997;-0.0013217502085298705;0;-24164946553.250004;47.008928571428804;30.720222254730142;1.1216051438722718;1.1085074999999995;1.0954098561277272;16.28870631669866;1;Покупать (Long)
48;2019-09-06;EURUSD000TOM;1.10425;1.102;1.1056;1.1026;4485329639.52;Couple days lag;;1.1023111423007337;1.1031952278479977;-0.0008840855472640463;0;-28650276192.770004;46.33928571428602;41.97094264163467;1.119770852769212;1.1076224999999995;1.095474147230787;4.368343072651349;1;Покупать (Long)
49;2019-09-09;EURUSD000TOM;1.10283;1.1022;1.10663;1.10458;3057045275.44;Couple days lag;;1.1034455711503668;1.1034721822783982;-2.6611128031373e-05;0;-25593230917.330006;49.062499999999815;47.470238095238194;1.1172571176375727;1.1067894999999994;1.0963218823624261;1.5922619047616209;1;Покупать (Long)
50;2019-09-10;EURUSD000TOM;1.10503;1.10307;1.10584;1.10412;1818047822.01;Couple days lag;;1.1037827855751834;1.1036017458227185;0.00018103975246486215;0;-27411278739.340004;52.45535714285688;49.28571428571422;1.1155126394808028;1.1061384999999995;1.0967643605191961;3.1696428571426623;1;Покупать (Long)
51;2019-09-11;EURUSD000TOM;1.10464;1.0985;1.10464;1.1012;3504849632.21;Couple days lag;;1.1024913927875917;1.103121396658175;-0.0006300038705833177;0;-30916128371.550003;44.91071428571415;48.8095238095236;1.114512818060144;1.1055284999999995;1.096544181939855;-3.8988095238094473;-1;Продавать (Short)
52;2019-09-12;EURUSD000TOM;1.1011799999999998;1.0837700000000001;1.1084;1.10618;5415150719.02;Couple days lag;;1.1043356963937958;1.1037331173265401;0.000602579067255693;0;-25500977652.530003;56.57134518250234;51.31247220369111;1.1139771570541774;1.1053024999999992;1.096627842945821;5.258872978811233;1;Покупать (Long)
53;2019-09-13;EURUSD000TOM;1.10933;1.1062;1.11077;1.10772;3388720853.1;Couple days lag;;1.106027848196898;1.1045304938612321;0.0014973543356657792;0;-22112256799.430004;80.62157605491629;60.70121184104425;1.11382698350644;1.1052404999999994;1.0966540164935588;19.92036421387204;1;Покупать (Long)
54;2019-09-16;EURUSD000TOM;1.1072899999999999;1.09938;1.10768;1.10018;2976848270.52;Couple days lag;;1.1031039240984488;1.1036603950889856;-0.0005564709905367948;0;-25089105069.950005;73.63554833273105;70.27615652338322;1.1136202777182753;1.1048544999999994;1.0960887222817235;3.3593918093478266;1;Покупать (Long)
55;2019-09-17;EURUSD000TOM;1.09994;1.09994;1.1072899999999999;1.10704;3749156748.23;Couple days lag;;1.1050719620492244;1.1043363160711885;0.0007356459780358815;0;-21339948321.720005;73.48148148148118;75.91286862304283;1.1132537143252057;1.1047174999999994;1.096181285674793;-2.4313871415616433;-1;Продавать (Short)
56;2019-09-18;EURUSD000TOM;1.10501;1.1015;1.1066799999999999;1.1027799999999999;3341549214.04;Couple days lag;;1.103925981024612;1.1040250528569509;-9.907183233881511e-05;0;-24681497535.760006;78.29629629629589;75.13777537016936;1.112846883600496;1.1044394999999994;1.0960321163995026;3.1585209261265277;1;Покупать (Long)
57;2019-09-19;EURUSD000TOM;1.10415;1.10324;1.107;1.1037;2309878228.3;Couple days lag;;1.103812990512306;1.1039600422855607;-0.00014705177325469165;0;-22371619307.460007;72.11111111111046;74.62962962962916;1.1124751447629746;1.1042244999999995;1.0959738552370244;-2.518518518518704;-1;Продавать (Short)
58;2019-09-20;EURUSD000TOM;1.10581;1.0997;1.1067200000000001;1.10111;2713387249.99;Couple days lag;;1.102461495256153;1.1033900338284486;-0.0009285385722956896;0;-25085006557.450005;69.01851851851816;73.14197530864149;1.1107719009207173;1.1036059999999994;1.0964400990792815;-4.123456790123328;-1;Продавать (Short)
59;2019-09-23;EURUSD000TOM;1.10179;1.0966;1.1018;1.0991;4644577709.88;Couple days lag;;1.1007807476280764;1.1025320270627588;-0.0017512794346823402;0;-29729584267.330006;60.49999999999973;67.20987654320943;1.1099018363088156;1.1030719999999994;1.0962421636911832;-6.7098765432097025;-1;Продавать (Short)
60;2019-09-24;EURUSD000TOM;1.09934;1.0985;1.1022;1.10191;4958108069.42;Couple days lag;;1.1013453738140382;1.102407621650207;-0.001062247836168817;0;-24771476197.910004;61.981481481481055;63.83333333333297;1.1089983066057156;1.1027184999999995;1.0964386933942833;-1.8518518518519187;-1;Продавать (Short)
61;2019-09-25;EURUSD000TOM;1.10008;1.09379;1.10043;1.09438;2431473208.89;Couple days lag;;1.097862686907019;1.1008020973201658;-0.0029394104131468257;0;-27202949406.800003;53.24074074074018;58.57407407407364;1.1089320532258153;1.1020649999999994;1.0951979467741835;-5.333333333333464;-1;Продавать (Short)
62;2019-09-26;EURUSD000TOM;1.09524;1.0907;1.0964;1.09175;7520820154.51;Couple days lag;;1.0948063434535094;1.0989916778561326;-0.004185334402623253;-1;-34723769561.310005;34.4259259259254;49.882716049382196;1.109407255417875;1.1013834999999994;1.0933597445821237;-15.456790123456798;-1;Продавать (Short)
63;2019-09-27;EURUSD000TOM;1.09161;1.09086;1.09565;1.09405;6813956646.65;Couple days lag;;1.0944281717267548;1.098003342284906;-0.003575170558151264;-1;-27909812914.660004;33.8148148148144;40.49382716049331;1.1097225850670775;1.1011189999999993;1.092515414932921;-6.679012345678913;-1;Продавать (Short)
64;2019-09-30;EURUSD000TOM;1.09391;1.0885;1.0945;1.08975;6409653927.82;Couple days lag;;1.0920890858633774;1.096352673827925;-0.004263587964547622;-1;-34319466842.480003;30.11111111111068;32.78395061728347;1.1105437522226256;1.1007704999999992;1.0909972477773728;-2.6728395061727923;-1;Продавать (Short)
65;2019-10-01;EURUSD000TOM;1.0883200000000002;1.0882;1.094;1.09345;7437242014.47;Couple days lag;;1.0927695429316886;1.09577213906234;-0.003002596130651458;0;-26882224828.010002;28.999999999999687;30.975308641974905;1.110754940956695;1.1005929999999993;1.0904310590433035;-1.975308641975218;-1;Продавать (Short)
66;2019-10-02;EURUSD000TOM;1.0923399999999999;1.09056;1.0959999999999999;1.09585;6512463673.9;Couple days lag;;1.0943097714658443;1.0957877112498722;-0.0014779397840278818;0;-20369761154.11;34.87320106992213;31.32810406034415;1.1105459732549026;1.1002404999999993;1.089935026745096;3.545097009577983;1;Покупать (Long)
67;2019-10-03;EURUSD000TOM;1.09391;1.0939;1.0995700000000002;1.09625;5914704010.54;Couple days lag;;1.0952798857329222;1.0958801689998978;-0.0006002832669755875;0;-14455057143.57;37.609492803133676;33.827564624351815;1.1102259777103989;1.0998849999999993;1.0895440222895998;3.781928178781861;1;Покупать (Long)
68;2019-10-04;EURUSD000TOM;1.0965;1.0957;1.0995;1.09785;5122491419.46;Couple days lag;;1.0965649428664612;1.0962741351999183;0.0002908076665428805;0;-9332565724.11;45.93723075499912;39.47330820935162;1.109946247254179;1.0996474999999994;1.0893487527458199;6.463922545647499;1;Покупать (Long)
69;2019-10-07;EURUSD000TOM;1.0977299999999999;1.09622;1.0999;1.0971600000000001;3458671382.65;Couple days lag;;1.0968624714332307;1.0964513081599347;0.0004111632732959336;0;-12791237106.76;49.10480032990462;44.217174629345784;1.1093703224179368;1.0992764999999995;1.0891826775820623;4.887625700558836;1;Покупать (Long)
70;2019-10-08;EURUSD000TOM;1.09818;1.0941;1.0995;1.0954;4913083324.49;Couple days lag;;1.0961312357166153;1.0962410465279477;-0.00010981081133243364;0;-17704320431.25;42.978723404255355;46.00691816305301;1.1088123814175463;1.0988404999999994;1.0888686185824525;-3.028194758797653;-1;Продавать (Short)
71;2019-10-09;EURUSD000TOM;1.09637;1.09637;1.09896;1.0972;4622851281.09;Couple days lag;;1.0966656178583076;1.0964328372223582;0.00023278063594944776;0;-13081469150.16;43.44699232571966;45.176838686626525;1.1085754493709976;1.0986404999999997;1.0887055506290018;-1.729846360906862;-1;Продавать (Short)
72;2019-10-10;EURUSD000TOM;1.10026;1.1;1.103;1.10025;3713720811.17;Couple days lag;;1.0984578089291537;1.0971962697778865;0.0012615391512671437;0;-9367748338.99;65.00751561496648;50.47774378164714;1.107698189222277;1.0983439999999995;1.088989810777722;14.529771833319337;1;Покупать (Long)
73;2019-10-11;EURUSD000TOM;1.10175;1.10026;1.10615;1.10365;8154992398.73;Couple days lag;;1.1010539044645768;1.0984870158223092;0.0025668886422676174;0;-1212755940.2600002;83.74567115862378;64.06672636643661;1.1068228993806866;1.0981404999999995;1.0894581006193125;19.678944792187167;1;Покупать (Long)
74;2019-10-14;EURUSD000TOM;1.10179;1.10135;1.1041;1.1024399999999999;2073359119.13;Couple days lag;;1.1017469522322885;1.0992776126578474;0.002469339574441065;0;-3286115059.3900003;82.70194986072403;77.15171221143807;1.1070964752349572;1.0982534999999995;1.0894105247650419;5.550237649285961;1;Покупать (Long)
75;2019-10-15;EURUSD000TOM;1.10366;1.0992;1.1042;1.1032;2042721470.5;Couple days lag;;1.102473476116144;1.1000620901262779;0.0024113859898662326;0;-1243393588.8900003;81.44846796657343;82.63202966197372;1.1062775702897332;1.0980614999999996;1.089845429710266;-1.1835616954002859;-1;Продавать (Short)
76;2019-10-16;EURUSD000TOM;1.10459;1.10232;1.1082;1.10732;4235734082.11;Couple days lag;;1.104896738058072;1.1015136721010224;0.0033830659570497357;0;2992340493.22;89.58272980501391;84.57771587743709;1.1072321464043418;1.0982884999999996;1.0893448535956574;5.005013927576826;1;Покупать (Long)
77;2019-10-17;EURUSD000TOM;1.10658;1.10658;1.11362;1.1123;3852014829.28;Couple days lag;;1.108598369029036;1.103670937680818;0.004927431348217937;1;6844355322.5;95.20361919748237;88.74493898968986;1.1093324894009913;1.0987184999999997;1.0881045105990081;6.458680207792511;1;Покупать (Long)
78;2019-10-18;EURUSD000TOM;1.1115;1.1115;1.1166;1.1166;2732063665.97;Couple days lag;;1.112599184514518;1.1062567501446545;0.006342434369863481;1;9576418988.47;97.40361919748234;94.06332273332616;1.112648345833724;1.0994929999999996;1.0863376541662753;3.3402964641561823;1;Покупать (Long)
79;2019-10-21;EURUSD000TOM;1.1150799999999998;1.11378;1.11782;1.1148799999999999;1887948906.62;Couple days lag;;1.113739592257259;1.1079814001157238;0.005758192141535279;1;7688470081.849999;94.60748349229614;95.73824062908689;1.1150432365337453;1.1002819999999995;1.0855207634662538;-1.1307571367907485;-1;Продавать (Short)
80;2019-10-22;EURUSD000TOM;1.1146399999999999;1.11095;1.1151;1.1128799999999999;5052400731.66;Couple days lag;;1.1133097961286293;1.108961120092579;0.00434867603605027;1;2636069350.1899996;84.28139653577404;92.09749974185077;1.1165754210542695;1.1008304999999996;1.0850855789457297;-7.816103206076733;-1;Продавать (Short)
81;2019-10-23;EURUSD000TOM;1.1120700000000001;1.11056;1.114;1.1134;3666341834.91;Couple days lag;;1.1133548980643146;1.1098488960740633;0.003506001990251306;1;6302411185.099999;80.35688100300553;86.41525367702518;1.1181388106287586;1.1017814999999995;1.0854241893712404;-6.058372674019651;-1;Продавать (Short)
82;2019-10-24;EURUSD000TOM;1.11341;1.1093;1.1159999999999999;1.10996;8269034924.86;Couple days lag;;1.1116574490321574;1.1098711168592508;0.0017863321729065795;0;-1966623739.7600002;74.11467116357488;79.58431623411809;1.1187387113143021;1.1026919999999996;1.086645288685697;-5.4696450705432085;-1;Продавать (Short)
83;2019-10-25;EURUSD000TOM;1.11101;1.10735;1.1122;1.1078;2736817743.34;Couple days lag;;1.1097287245160787;1.1094568934874007;0.00027183102867800457;0;-4703441483.1;62.31028667790866;72.26061294816297;1.119060310534072;1.1033794999999995;1.087698689465927;-9.950326270254315;-1;Продавать (Short)
84;2019-10-28;EURUSD000TOM;1.10871;1.10848;1.1105;1.1099;5513912715.42;Couple days lag;;1.1098143622580394;1.1095455147899207;0.00026884746811872695;0;810471232.3199997;60.4170450123231;65.61400095126884;1.1189876275209287;1.1043869999999996;1.0897863724790704;-5.1969559389457345;-1;Продавать (Short)
85;2019-10-29;EURUSD000TOM;1.1090200000000001;1.10732;1.11166;1.11104;7489200838.91;Couple days lag;;1.1104271811290198;1.1098444118319366;0.0005827692970832299;0;8299672071.23;63.33223167809657;62.01985445610939;1.1192312102012654;1.1052664999999995;1.0913017897987336;1.3123772219871768;1;Покупать (Long)
86;2019-10-30;EURUSD000TOM;1.11142;1.1079999999999999;1.11501;1.11485;4073373265.38;Couple days lag;;1.1126385905645098;1.1108455294655495;0.001793061098960269;0;12373045336.61;73.81847475832413;65.85591714958122;1.120074267893979;1.1062164999999997;1.0923587321060204;7.962557608742912;1;Покупать (Long)
87;2019-10-31;EURUSD000TOM;1.11604;1.113;1.1171799999999998;1.1148;4492095627.1;Couple days lag;;1.1137192952822548;1.1116364235724396;0.0020828717098151373;0;7880949709.51;83.91514500537023;73.68861714726359;1.1206889538945368;1.1071439999999995;1.093599046105462;10.22652785810665;1;Покупать (Long)
88;2019-11-01;EURUSD000TOM;1.11616;1.1130200000000001;1.11719;1.11645;2864409279.52;Couple days lag;;1.1150846476411274;1.1125991388579517;0.0024855087831756606;0;10745358989.03;88.2116004296453;81.9817400644465;1.1214923015320502;1.1080739999999996;1.094655698467949;6.229860365198803;1;Покупать (Long)
89;2019-11-05;EURUSD000TOM;1.1129;1.10637;1.11371;1.107;7662110193.97;Couple days lag;;1.1110423238205636;1.1114793110863614;-0.0004369872657978835;0;3083248795.0600004;61.417934236512714;77.84822655717602;1.1210355700008063;1.1085659999999995;1.0960964299991927;-16.430292320663305;-1;Продавать (Short)
90;2019-11-06;EURUSD000TOM;1.1079;1.1064;1.10917;1.1071;2877734211.17;Couple days lag;;1.1090711619102818;1.1106034488690892;-0.0015322869588074717;0;5960983006.2300005;18.284547119312155;55.97136059515666;1.1201000819709541;1.1091509999999993;1.0982019180290445;-37.6868134758445;-1;Продавать (Short)
91;2019-11-07;EURUSD000TOM;1.10595;1.1034;1.10874;1.10435;2412299082.11;Couple days lag;;1.106710580955141;1.1093527590952714;-0.002642178140130458;0;3548683924.1200004;6.481808986790131;28.728096780871606;1.1192766017094427;1.1095084999999993;1.099740398290556;-22.246287794081475;-1;Продавать (Short)
92;2019-11-08;EURUSD000TOM;1.10524;1.1017;1.1055;1.102;3066168154.81;Couple days lag;;1.1043552904775704;1.1078822072762171;-0.0035269167986466954;-1;482515769.3100004;4.2245571528383685;9.663637752980156;1.1190573284483134;1.1095959999999994;1.1001346715516853;-5.4390806001417875;-1;Продавать (Short)
93;2019-11-11;EURUSD000TOM;1.10248;1.10208;1.10418;1.1034;3930098780.7;Couple days lag;;1.1038776452387853;1.1069857658209736;-0.003108120582188345;0;4412614550.01;6.417932324865711;5.708099488164675;1.1190768245496554;1.1095834999999994;1.1000901754503434;0.709832836701036;0;Ожидать (Hold)
94;2019-11-12;EURUSD000TOM;1.1034;1.1003;1.1034;1.10095;2218830408.87;Couple days lag;;1.1024138226193927;1.105778612656779;-0.0033647900373863227;0;2193784141.1400003;7.411626745191212;6.018038740965035;1.1192456604133787;1.1095089999999994;1.0997723395866201;1.393588004226177;1;Покупать (Long)
95;2019-11-13;EURUSD000TOM;1.1012;1.09946;1.10186;1.10045;2572360041.1;Couple days lag;;1.1014319113096964;1.1047128901254233;-0.003280978815726865;0;-378575899.95999956;4.716093684725886;6.181884251594208;1.1195292227273743;1.1093714999999993;1.0992137772726243;-1.4657905668683222;-1;Продавать (Short)
96;2019-11-14;EURUSD000TOM;1.0997;1.0989;1.1025;1.102;2509981211.38;Couple days lag;;1.1017159556548481;1.1041703121003388;-0.0024543564454906353;0;2131405311.4200006;11.266454443775151;7.798058291230689;1.1197319942012114;1.1091054999999992;1.098479005798787;3.4683961525444627;1;Покупать (Long)
97;2019-11-15;EURUSD000TOM;1.10228;1.10155;1.1056;1.10517;2626251046.04;Couple days lag;;1.1034429778274242;1.104370249680271;-0.0009272718528468005;0;4757656357.460001;25.61509021323169;13.86587944724418;1.119401261544342;1.108748999999999;1.0980967384556561;11.749210765987508;1;Покупать (Long)
98;2019-11-18;EURUSD000TOM;1.10604;1.1054;1.10886;1.10755;1448572733.5;Couple days lag;;1.1054964889137122;1.1050061997442169;0.0004902891694953393;0;6206229090.960001;40.787315472936356;25.889620043314338;1.1183270299465087;1.1082964999999994;1.09826597005349;14.897695429622019;1;Покупать (Long)
99;2019-11-19;EURUSD000TOM;1.1079999999999999;1.1065;1.1082;1.10772;1984443506.71;Couple days lag;;1.1066082444568561;1.1055489597953736;0.001059284661482529;0;8190672597.670001;47.75833788955764;38.0535811919085;1.1175038986330215;1.1079384999999993;1.098373101366977;9.704756697649138;1;Покупать (Long)
100;2019-11-20;EURUSD000TOM;1.1068;1.10532;1.1079999999999999;1.1072;2457595809.23;Couple days lag;;1.106904122228428;1.105879167836299;0.0010249543921290183;0;5733076788.440001;46.80153089119767;45.115728084563834;1.1169496395367515;1.1076544999999993;1.0983593604632471;1.6858028066338377;1;Покупать (Long)
101;2019-11-21;EURUSD000TOM;1.1073899999999999;1.1055;1.1095;1.1057;4436244499.37;Couple days lag;;1.106302061114214;1.1058433342690392;0.0004587268451747839;0;1296832289.0700006;41.27938764352096;45.27975214142537;1.1162120152507204;1.1072694999999992;1.098326984749278;-4.000364497904407;-1;Продавать (Short)
102;2019-11-22;EURUSD000TOM;1.1070799999999998;1.1015;1.1086200000000002;1.1021;3916479724.8;Couple days lag;;1.104201030557107;1.1050946674152315;-0.0008936368581244913;0;-2619647435.7299995;29.392904252110675;39.15794092894305;1.11600052164668;1.1068764999999992;1.0977524783533184;-9.765036676832374;-1;Продавать (Short)
103;2019-11-25;EURUSD000TOM;1.10265;1.10048;1.1031;1.1014;3667645370.63;Couple days lag;;1.1028005152785534;1.1043557339321852;-0.0015552186536318402;0;-6287292806.36;22.595963971309697;31.089418622313726;1.11597276311272;1.1065564999999993;1.0971402368872785;-8.49345465100403;-1;Продавать (Short)
104;2019-11-26;EURUSD000TOM;1.1010799999999998;1.10069;1.1022;1.1021;2839265051.1;Couple days lag;;1.1024502576392767;1.1039045871457482;-0.0014543295064715078;0;-3448027755.2599998;26.886792452830537;26.291886892083582;1.1156424638564593;1.1061664999999992;1.096690536143539;0.5949055607469553;0;Ожидать (Hold)
105;2019-11-27;EURUSD000TOM;1.1012;1.0993;1.1013899999999999;1.1006;4603015155.04;Couple days lag;;1.1015251288196384;1.1032436697165986;-0.001718540896960219;0;-8051042910.299999;23.113207547170553;24.198654657103543;1.1151392848321113;1.1056444999999993;1.0961497151678872;-1.0854471099329892;-1;Продавать (Short)
106;2019-11-28;EURUSD000TOM;1.10046;1.09995;1.10159;1.1007799999999999;1997218343.04;Couple days lag;;1.1011525644098192;1.102750935773279;-0.0015983713634597496;0;-6053824567.259999;16.88679245282991;22.295597484276943;1.1136562576558287;1.1049409999999993;1.09622574234417;-5.408805031447034;-1;Продавать (Short)
107;2019-11-29;EURUSD000TOM;1.10084;1.09816;1.10279;1.10164;2444815903.88;Couple days lag;;1.1013962822049095;1.1025287486186233;-0.001132466413713784;0;-3609008663.379999;24.21183987221655;21.40394662407228;1.1118303971677612;1.1042829999999992;1.0967356028322373;2.8078932481442713;1;Покупать (Long)
108;2019-12-02;EURUSD000TOM;1.10156;1.1003399999999999;1.109;1.1081;5413671170.51;Couple days lag;;1.104748141102455;1.1036429988948986;0.0011051422075563089;0;1804662507.130001;59.17107583774296;33.42323605426308;1.1093035786136118;1.1038654999999993;1.0984274213863867;25.747839783479883;1;Покупать (Long)
109;2019-12-03;EURUSD000TOM;1.10774;1.10667;1.1092;1.10806;5572134597.47;Couple days lag;;1.1064040705512275;1.1045263991159189;0.0018776714353085922;0;-3767472090.339999;87.47795414462192;56.95362328486042;1.10949660102157;1.1039184999999994;1.0983403989784286;30.5243308597615;1;Покупать (Long)
110;2019-12-04;EURUSD000TOM;1.10774;1.1068;1.1114;1.10758;5343082649.77;Couple days lag;;1.1069920352756137;1.105137119292735;0.0018549159828786799;0;-9110554740.11;79.2248117776825;75.2912805866824;1.109578973632419;1.1039424999999992;1.0983060263675792;3.9335311910000996;1;Покупать (Long)
111;2019-12-05;EURUSD000TOM;1.1079999999999999;1.10785;1.11055;1.10999;4128075383.54;Couple days lag;;1.1084910176378069;1.1061076954341882;0.0023833222036186985;0;-4982479356.570001;80.24924471299143;82.31733687843189;1.1104480824899343;1.1042244999999993;1.0980009175100642;-2.0680921654404614;-1;Продавать (Short)
112;2019-12-06;EURUSD000TOM;1.11032;1.104;1.11084;1.10582;4514848577.53;Couple days lag;;1.1071555088189036;1.1060501563473506;0.0011053524715529672;0;-9497327934.1;73.60271903323314;77.69225850796896;1.1105885461692595;1.1044154999999993;1.0982424538307392;-4.089539474735815;-1;Продавать (Short)
113;2019-12-09;EURUSD000TOM;1.10611;1.1055;1.1077;1.1064;1776156830.92;Couple days lag;;1.106777754409452;1.1061201250778807;0.0006576293315712078;0;-7721171103.18;60.045317220544305;71.29909365558956;1.1107782207413006;1.1045654999999992;1.0983527792586978;-11.253776435045253;-1;Продавать (Short)
114;2019-12-10;EURUSD000TOM;1.1066;1.1066;1.10956;1.10955;3947015022.52;Couple days lag;;1.108163877204726;1.1068061000623046;0.001357777142421357;0;-3774156080.6600003;74.13141993957767;69.2598187311183;1.1113368704361835;1.1049954999999991;1.0986541295638148;4.871601208459367;1;Покупать (Long)
115;2019-12-11;EURUSD000TOM;1.1086;1.1071;1.11417;1.1135;4388375867.44;Couple days lag;;1.110831938602363;1.108144880049844;0.0026870585525191615;0;614219786.7799993;90.92115294255271;75.03263003422482;1.112636772711298;1.105647999999999;1.0986592272887001;15.888522908327886;1;Покупать (Long)
116;2019-12-12;EURUSD000TOM;1.11306;1.11025;1.11506;1.113;4983030505.15;Couple days lag;;1.1119159693011815;1.109115904039875;0.0028000652613064947;0;-4368810718.370001;91.81288322017636;85.62181870076886;1.113666717695137;1.1061979999999991;1.0987292823048613;6.1910645194075045;1;Покупать (Long)
117;2019-12-13;EURUSD000TOM;1.1164;1.1112;1.1185;1.1115;6113334342.67;Couple days lag;;1.1117079846505908;1.1095927232319;0.0021152614186907837;0;-10482145061.04;76.6978524841015;86.47729621561014;1.1143114185586838;1.106514499999999;1.0987175814413142;-9.779443731508636;-1;Продавать (Short)
118;2019-12-16;EURUSD000TOM;1.11381;1.11265;1.1155;1.1145;2307765113.8;Couple days lag;;1.1131039923252954;1.11057417858552;0.002529813739775344;0;-8174379947.240001;72.95968534906564;80.49014035111445;1.115397110075953;1.1068619999999991;1.0983268899240453;-7.530455002048811;-1;Продавать (Short)
119;2019-12-17;EURUSD000TOM;1.11999;1.1129;1.11999;1.11465;1951170267.93;Couple days lag;;1.1138769961626478;1.111389342868416;0.0024876532942317287;0;-6223209679.31;77.93628336601164;75.86460706639288;1.1163927915353946;1.1072084999999992;1.0980242084646037;2.0716762996187583;1;Покупать (Long)
120;2019-12-18;EURUSD000TOM;1.1136;1.1111;1.11424;1.1118;3210262813.26;Couple days lag;;1.1128384980813237;1.111471474294733;0.0013670237865908152;0;-9433472492.57;69.01053595968794;73.30216822492169;1.1168382856894759;1.107438499999999;1.0980387143105224;-4.291632265233744;-1;Продавать (Short)
121;2019-12-19;EURUSD000TOM;1.11281;1.1107;1.11419;1.1123;1625089337.21;Couple days lag;;1.112569249040662;1.1116371794357864;0.0009320696048755739;0;-7808383155.36;61.6739808769825;69.54026673422732;1.1173623902957404;1.1077684999999993;1.0981746097042582;-7.866285857244819;-1;Продавать (Short)
122;2019-12-20;EURUSD000TOM;1.1114600000000001;1.1066200000000002;1.11227;1.1077;4424982814.76;Couple days lag;;1.110134624520331;1.1108497435486293;-0.0007151190282983499;0;-12233365970.119999;42.00230105648062;57.56227263105031;1.1172844997296447;1.1080484999999993;1.098812500270354;-15.559971574569694;-1;Продавать (Short)
123;2019-12-23;EURUSD000TOM;1.1083399999999999;1.10683;1.10935;1.1093;5573041106.0;Couple days lag;;1.1097173122601656;1.1105397948389035;-0.0008224825787379597;0;-6660324864.119999;28.142589118197968;43.939623683886985;1.1171700302958654;1.1084434999999995;1.0997169697041336;-15.797034565689017;-1;Продавать (Short)
124;2019-12-24;EURUSD000TOM;1.10855;1.10674;1.1091799999999998;1.1084;8626579991.18;Couple days lag;;1.1090586561300828;1.1101118358711228;-0.0010531797410400223;0;-15286904855.3;30.33145716072501;33.49211577846782;1.1169869756185964;1.1087584999999993;1.1005300243814022;-3.1606586177428113;-1;Продавать (Short)
125;2019-12-25;EURUSD000TOM;1.1079999999999999;1.104;1.11275;1.10991;3827212835.59;Couple days lag;;1.1094843280650415;1.1100714686968982;-0.0005871406318567196;0;-11459692019.71;32.238899312069606;30.237648530330816;1.1165584404017026;1.1092239999999993;1.101889559598296;2.00125078173879;1;Покупать (Long)
126;2019-12-26;EURUSD000TOM;1.10856;1.1079999999999999;1.11036;1.1099;2223191039.5;Couple days lag;;1.1096921640325208;1.1100371749575186;-0.00034501092499783503;0;-13682883059.21;36.929330831769605;33.16656243485469;1.1159084380069257;1.1096799999999993;1.103451561993073;3.7627683969149146;1;Покупать (Long)
127;2019-12-27;EURUSD000TOM;1.112;1.1119;1.1187;1.1176;3836854605.27;Couple days lag;;1.1136460820162604;1.111549739966015;0.0020963420502453367;0;-9846028453.939999;60.97560975609731;43.38127996664546;1.116466587814042;1.1104779999999992;1.1044894121859563;17.594329789451855;1;Покупать (Long)
128;2019-12-30;EURUSD000TOM;1.11942;1.11885;1.1225;1.12035;3953963350.72;Couple days lag;;1.1169980410081302;1.113309791972812;0.0036882490353180586;1;-5892065103.219999;86.71576830113352;61.54023629633343;1.1183515508198438;1.111090499999999;1.1038294491801544;25.17553200480009;1;Покупать (Long)
129;2020-01-03;EURUSD000TOM;1.11687;1.11266;1.1179999999999999;1.11575;846332732.95;Couple days lag;;1.116374020504065;1.1137978335782497;0.0025761869258154046;0;-6738397836.169999;75.94594594594557;74.54577466772541;1.1188666777532459;1.111474999999999;1.1040833222467523;1.4001712782201565;1;Покупать (Long)
130;2020-01-06;EURUSD000TOM;1.11571;1.11571;1.12069;1.11965;381684839.86;Couple days lag;;1.1180120102520326;1.1149682668625998;0.003043743389432807;0;-6356712996.309999;74.05405405405388;78.9052561003776;1.1200479398176861;1.112078499999999;1.104109060182312;-4.851202046323721;-1;Продавать (Short)
131;2020-01-08;EURUSD000TOM;1.1149799999999999;1.1109;1.11544;1.1113;874396099.12;Couple days lag;;1.1146560051260161;1.1142346134900798;0.0004213916359363523;0;-7231109095.429999;62.02702702702665;70.67567567567532;1.120065089319454;1.1121439999999991;1.1042229106805443;-8.648648648648674;-1;Продавать (Short)
132;2020-01-09;EURUSD000TOM;1.11097;1.1092;1.1117;1.11061;2038824219.85;Couple days lag;;1.1126330025630082;1.113509690792064;-0.0008766882290558442;0;-9269933315.279999;37.594594594594334;57.89189189189157;1.1197987714722735;1.112383499999999;1.1049682285277247;-20.297297297297234;-1;Продавать (Short)
133;2020-01-10;EURUSD000TOM;1.11094;1.1086;1.11255;1.1121;2213156406.22;Couple days lag;;1.112366501281504;1.1132277526336514;-0.0008612513521473186;0;-7056776909.059999;39.75675675675686;46.45945945945923;1.1195617554723287;1.1126684999999992;1.1057752445276696;-6.702702702702375;-1;Продавать (Short)
134;2020-01-13;EURUSD000TOM;1.11246;1.11145;1.1145;1.11365;3706531958.06;Couple days lag;;1.113008250640752;1.1133122021069213;-0.00030395146616934987;0;-3350244950.9999995;47.97297297297291;41.774774774774656;1.1196260203447954;1.1128734999999992;1.106120979655203;6.198198198198256;1;Покупать (Long)
135;2020-01-14;EURUSD000TOM;1.114;1.1105;1.1143399999999999;1.11275;5199005882.05;Couple days lag;;1.1128791253203758;1.1131997616855371;-0.00032063636516133087;0;-8549250833.049999;49.72972972972918;45.8198198198196;1.1195825143597224;1.1128359999999993;1.106089485640276;3.9099099099095795;1;Покупать (Long)
136;2020-01-15;EURUSD000TOM;1.1135;1.112;1.11614;1.115;2438691618.19;Couple days lag;;1.113939562660188;1.1135598093484298;0.00037975331175821303;0;-6110559214.859999;53.37837837837773;50.36036036035989;1.119748243096576;1.112935999999999;1.1061237569034221;3.018018018017841;1;Покупать (Long)
137;2020-01-16;EURUSD000TOM;1.11499;1.11265;1.117;1.11355;1952508477.18;Couple days lag;;1.113744781330094;1.113557847478744;0.00018693385135004625;0;-8063067692.039999;55.54054054054026;52.88288288288234;1.1198228651882114;1.1130384999999992;1.106254134811787;2.6576576576579214;1;Покупать (Long)
138;2020-01-17;EURUSD000TOM;1.11405;1.1087;1.11405;1.10935;2289702002.46;Couple days lag;;1.111547390665047;1.112716277982995;-0.0011688873179480641;0;-10352769694.5;40.270270270270146;49.729729729729335;1.1197132576413857;1.1127809999999991;1.1058487423586125;-9.45945945945919;-1;Продавать (Short)
139;2020-01-20;EURUSD000TOM;1.10981;1.1077;1.1103399999999999;1.1094;1274857247.61;Couple days lag;;1.1104736953325234;1.1120530223863963;-0.0015793270538728699;0;-9077912446.89;20.20270270270273;38.671171171171004;1.119544748715153;1.112518499999999;1.105492251284845;-18.468468468468274;-1;Продавать (Short)
140;2020-01-21;EURUSD000TOM;1.1092;1.1085;1.11175;1.10895;2593666912.06;Couple days lag;;1.1097118476662617;1.111432417909117;-0.0017205702428553238;0;-11671579358.949999;9.966216216216925;23.479729729729886;1.1195683943167556;1.1123759999999991;1.1051836056832427;-13.513513513512962;-1;Продавать (Short)
141;2020-01-22;EURUSD000TOM;1.10808;1.107;1.10935;1.109;3716822139.15;Couple days lag;;1.1093559238331308;1.1109459343272938;-0.0015900104941630744;0;-7954757219.799999;10.674585876199403;13.614501598372973;1.119552658941003;1.1122109999999992;1.1048693410589954;-2.93991572217357;-1;Продавать (Short)
142;2020-01-23;EURUSD000TOM;1.10866;1.1035;1.1105;1.1054;4512365478.69;Couple days lag;;1.1073779619165653;1.1098367474618351;-0.0024587855452697926;0;-12467122698.489998;11.978081780480053;10.872961290965414;1.119780736560684;1.112095999999999;1.1044112634393142;1.1051204895146398;1;Покупать (Long)
143;2020-01-24;EURUSD000TOM;1.1048200000000001;1.1018;1.10675;1.1027;1974926476.44;Couple days lag;;1.1050389809582826;1.1084093979694682;-0.003370417011185678;0;-14442049174.929998;7.908681688265704;10.187116448315008;1.1204096691288745;1.111765999999999;1.1031223308711233;-2.2784347600493042;-1;Продавать (Short)
144;2020-01-27;EURUSD000TOM;1.1027;1.101;1.1036;1.1017;2823930917.02;Couple days lag;;1.1033694904791411;1.1070675183755747;-0.0036980278964335866;-1;-17265980091.949997;4.569712811011218;8.152158759918946;1.1210363628774556;1.1114309999999992;1.1018256371225428;-3.5824459489077274;-1;Продавать (Short)
145;2020-01-28;EURUSD000TOM;1.1018;1.0998;1.1022299999999998;1.10184;2653449060.98;Couple days lag;;1.1026047452395704;1.1060220147004598;-0.0034172694608893828;0;-14612531030.969997;8.117732558138837;6.8653756858052075;1.1214939471052785;1.1110274999999992;1.1005610528947198;1.2523568723336291;1;Покупать (Long)
146;2020-01-29;EURUSD000TOM;1.10114;1.09924;1.102;1.1008;1328923688.14;Couple days lag;;1.1017023726197852;1.104977611760368;-0.0032752391405828085;0;-15941454719.109997;10.322124450030989;7.669856606393636;1.1219472314257755;1.110572499999999;1.0991977685742227;2.652267843637353;1;Покупать (Long)
147;2020-01-30;EURUSD000TOM;1.10085;1.10069;1.1037;1.1033;1763232508.13;Couple days lag;;1.1025011863098926;1.1046420894082944;-0.0021409030984018695;0;-14178222210.979996;15.822072072071986;11.420643026747223;1.1211729900472411;1.109857499999999;1.098542009952757;4.401429045324763;1;Покупать (Long)
148;2020-01-31;EURUSD000TOM;1.1018;1.1018;1.10909;1.10895;2070435147.26;Couple days lag;;1.1057255931549463;1.1055036715266358;0.00022192162831058404;0;-12107787063.719995;38.766891891892094;21.637029471331644;1.119528931296822;1.1092874999999993;1.0990460687031767;17.12986242056045;1;Покупать (Long)
149;2020-02-03;EURUSD000TOM;1.10815;1.10359;1.10838;1.1058;4333654860.98;Couple days lag;;1.1057627965774732;1.1055629372213087;0.00019985935616451123;0;-16441441924.699995;45.80518018018023;33.464714714714724;1.1186883150084905;1.1087899999999993;1.098891684991508;12.340465465465506;1;Покупать (Long)
150;2020-02-04;EURUSD000TOM;1.10535;1.1032;1.1059999999999999;1.10415;2522309184.16;Couple days lag;;1.1049563982887367;1.1052803497770471;-0.00032395148831043663;0;-18963751108.859993;32.29166666666633;38.95457957957951;1.1167495371947946;1.1080149999999993;1.099280462805204;-6.662912912913178;-1;Продавать (Short)
151;2020-02-05;EURUSD000TOM;1.10356;1.0993700000000002;1.10465;1.09986;1997901714.56;Couple days lag;;1.1024081991443684;1.1041962798216378;-0.0017880806772694324;0;-20961652823.419994;15.916378481790531;31.337741776212322;1.1167234075345212;1.1074429999999993;1.0981625924654774;-15.421363294421791;-1;Продавать (Short)
152;2020-02-06;EURUSD000TOM;1.09974;1.09635;1.10069;1.0979999999999999;1940034844.74;Couple days lag;;1.100204099572184;1.1029570238573103;-0.0027529242851263014;0;-22901687668.159996;7.450323140735015;18.552789429730584;1.1168306792261917;1.106812499999999;1.0967943207738065;-11.102466288995569;-1;Продавать (Short)
153;2020-02-07;EURUSD000TOM;1.09794;1.0944;1.09794;1.09474;1664758597.66;Couple days lag;;1.097472049786092;1.1013136190858483;-0.003841569299756431;-1;-24566446265.819996;6.336969946479824;9.901223856335081;1.1169403055188056;1.1059444999999992;1.0949486944811928;-3.564253909855257;-1;Продавать (Short)
154;2020-02-10;EURUSD000TOM;1.0947799999999999;1.09085;1.0955;1.0909;2312161847.17;Couple days lag;;1.094186024893046;1.0992308952686787;-0.005044870375632726;-1;-26878608112.989998;1.1070535524412546;4.964782213218656;1.1170186568903442;1.1048069999999992;1.0925953431096542;-3.857728660777401;-1;Продавать (Short)
155;2020-02-11;EURUSD000TOM;1.09101;1.0891600000000001;1.0924;1.09206;1491491782.04;Couple days lag;;1.093123012446523;1.097796716214943;-0.004673703768419912;-1;-25387116330.949997;6.921978103216322;4.788667200712425;1.1166069362948234;1.1037724999999994;1.0909380637051753;2.133310902503897;1;Покупать (Long)
156;2020-02-12;EURUSD000TOM;1.0905;1.0865;1.0924200000000002;1.08704;2926470879.26;Couple days lag;;1.0900815062232616;1.0956453729719544;-0.005563866748692803;-1;-28313587210.21;7.989970763618241;5.339667473091897;1.1160744671169598;1.1023744999999994;1.088674532883039;2.6503032905263444;1;Покупать (Long)
157;2020-02-13;EURUSD000TOM;1.0869;1.08325;1.08867;1.0843;1709848892.4;Couple days lag;;1.087190753111631;1.0933762983775637;-0.006185545265932735;-1;-30023436102.61;3.2269528696360097;6.046300578823481;1.115727283460197;1.1009119999999994;1.0860967165398019;-2.8193477091874715;-1;Продавать (Short)
158;2020-02-14;EURUSD000TOM;1.084;1.0832600000000001;1.08602;1.08375;1761017894.8;Couple days lag;;1.0854703765558154;1.091451038702051;-0.005980662146235716;-1;-31784453997.41;2.999226006191879;4.738716546482;1.115682106043492;1.0996319999999993;1.0835818939565065;-1.739490540290121;-1;Продавать (Short)
159;2020-02-17;EURUSD000TOM;1.08379;1.0829;1.08479;1.08324;2816825801.75;Couple days lag;;1.0843551882779077;1.089808830961641;-0.005453642683733273;-1;-34601279799.16;1.616594971020242;2.614257948949334;1.1152183545602266;1.0983239999999994;1.0814296454397723;-0.997662977929092;0;Ожидать (Hold)
160;2020-02-18;EURUSD000TOM;1.0828799999999998;1.07854;1.08365;1.07915;3187768577.16;Couple days lag;;1.0817525941389539;1.0876770647693128;-0.005924470630358947;-1;-37789048376.32001;1.6474660497472984;2.0877623423197638;1.1149305437586345;1.0968339999999992;1.0787374562413639;-0.4402962925724654;0;Ожидать (Hold)
161;2020-02-19;EURUSD000TOM;1.0798;1.0783;1.08075;1.08075;1738924354.14;Couple days lag;;1.081251297069477;1.0862916518154504;-0.005040354745973419;-1;-36050124022.18001;4.976927807772458;2.7469962761799565;1.113905032427721;1.0954214999999994;1.0769379675722777;2.2299315315925012;1;Покупать (Long)
162;2020-02-20;EURUSD000TOM;1.07874;1.0777700000000001;1.08174;1.0786;5517348059.42;Couple days lag;;1.0799256485347386;1.0847533214523604;-0.004827672917621761;-1;-41567472081.600006;5.334330558496637;3.986241472005421;1.1133464176226222;1.0940814999999995;1.0748165823773768;1.3480890864912158;1;Покупать (Long)
163;2020-02-21;EURUSD000TOM;1.0790600000000001;1.0790600000000001;1.0862100000000001;1.08505;1879457201.9;Couple days lag;;1.0824878242673694;1.0848126571618883;-0.0023248328945189023;0;-39688014879.700005;14.24985039698743;8.187036254418798;1.1124208551655566;1.0931989999999996;1.0739771448344426;6.062814142568632;1;Покупать (Long)
164;2020-02-25;EURUSD000TOM;1.08466;1.0829;1.0889;1.08818;5078281170.73;Couple days lag;;1.0853339121336847;1.0854861257295108;-0.0001522135958260673;0;-34609733708.97;32.25792359318845;17.28070151622413;1.111450136180809;1.0925229999999995;1.07359586381919;14.97722207696432;1;Покупать (Long)
165;2020-02-26;EURUSD000TOM;1.0871600000000001;1.0855;1.0905;1.08877;4785566246.42;Couple days lag;;1.0870519560668424;1.0861429005836087;0.0009090554832336117;0;-29824167462.550003;43.3603488843179;29.95604095816455;1.1103623077642262;1.0918694999999996;1.073376692235773;13.40430792615335;1;Покупать (Long)
166;2020-02-27;EURUSD000TOM;1.0908;1.0907799999999999;1.10033;1.099;7289739984.55;Couple days lag;;1.0930259780334213;1.088714320466887;0.004311657566534288;1;-22534427478.000004;71.0488145631427;48.889029013549646;1.1101144278428918;1.0917794999999997;1.0734445721571075;22.159785549593053;1;Покупать (Long)
167;2020-02-28;EURUSD000TOM;1.10017;1.0951;1.1052;1.1041;8493850623.48;Couple days lag;;1.0985629890167106;1.0917914563735096;0.0067715326432009615;1;-14040576854.520004;95.04720106370061;69.81878817038704;1.1102579852687418;1.0918194999999995;1.0733810147312572;25.228412893313575;1;Покупать (Long)
168;2020-03-02;EURUSD000TOM;1.1044;1.10408;1.1183;1.1145;8773680130.34;Couple days lag;;1.1065314945083553;1.0963331650988077;0.010198329409547569;1;-5266896724.180004;93.30701058226063;86.4676754030346;1.1116893435046733;1.0920969999999994;1.0725046564953256;6.839335179226026;1;Покупать (Long)
169;2020-03-03;EURUSD000TOM;1.11412;1.10964;1.12125;1.11765;15640652311.45;Couple days lag;;1.1120907472541777;1.1005965320790463;0.011494215175131384;1;10373755587.269997;91.17228007647512;93.17549724081209;1.1144952886581319;1.0926894999999996;1.0708837113418674;-2.0032171643369736;-1;Продавать (Short)
170;2020-03-04;EURUSD000TOM;1.1158;1.1096;1.1185200000000002;1.1131;8309412592.58;Couple days lag;;1.1125953736270888;1.103097225663237;0.009498147963851844;1;2064342994.6899967;86.4880404783807;90.32244371237213;1.116196498780424;1.0931369999999996;1.0700775012195751;-3.834403233991438;-1;Продавать (Short)
171;2020-03-05;EURUSD000TOM;1.11325;1.11229;1.12252;1.12252;4693612746.29;Couple days lag;;1.1175576868135444;1.1069817805305897;0.010575906282954683;1;6757955740.979997;90.62787488500449;89.42939847995342;1.1205423832189663;1.0942699999999996;1.067997616781033;1.1984764050510677;1;Покупать (Long)
172;2020-03-06;EURUSD000TOM;1.1225100000000001;1.1223;1.1352;1.13155;7046155256.03;Couple days lag;;1.1245538434067721;1.1118954244244719;0.012658418982300246;1;13804110997.009996;96.82221835277736;91.31271123872084;1.1268369673797103;1.0959474999999999;1.0650580326202894;5.509507114056518;1;Покупать (Long)
173;2020-03-10;EURUSD000TOM;1.13432;1.12752;1.14;1.12836;13221208223.19;Couple days lag;;1.1264569217033862;1.1151883395395776;0.01126858216380855;1;582902773.8199959;87.46981597450329;91.63996973742837;1.1315796203203086;1.0976284999999997;1.0636773796796908;-4.170153762925082;-1;Продавать (Short)
174;2020-03-11;EURUSD000TOM;1.13634;1.12582;1.13649;1.12745;8078762602.56;Couple days lag;;1.1269534608516931;1.1176406716316623;0.00931278922003087;1;-7495859828.740005;80.56403663827754;88.28535698851938;1.1356240712231778;1.0994559999999995;1.0632879287768213;-7.7213203502418395;-1;Продавать (Short)
175;2020-03-12;EURUSD000TOM;1.12881;1.10542;1.1316700000000002;1.1171;15221402063.35;Couple days lag;;1.1220267304258464;1.1175325373053298;0.004494193120516687;1;-22717261892.090004;71.51695323798822;79.850268616923;1.13749361327482;1.1007079999999996;1.0639223867251792;-8.333315378934785;-1;Продавать (Short)
176;2020-03-13;EURUSD000TOM;1.11953;1.1055;1.1212;1.11066;15186929297.26;Couple days lag;;1.116343365212923;1.116158029844264;0.00018533536865916744;0;-37904191189.350006;57.52765567204375;69.86954851610317;1.1383588219902958;1.1018889999999997;1.0654191780097035;-12.341892844059416;-1;Продавать (Short)
177;2020-03-16;EURUSD000TOM;1.11379;1.1095;1.12372;1.1173;8743852175.14;Couple days lag;;1.1168216826064614;1.116386423875411;0.0004352587310503253;0;-29160339014.210007;56.04973339456514;61.69811410153236;1.1396607817390467;1.1035389999999998;1.067417218260953;-5.648380706967224;-1;Продавать (Short)
178;2020-03-17;EURUSD000TOM;1.11578;1.0956;1.11578;1.1;13844229028.77;Couple days lag;;1.1084108413032308;1.113109139100329;-0.004698297797098183;-1;-43004568042.98001;43.42534423753615;52.334244434715;1.1393704447442692;1.1043515;1.0693325552557307;-8.908900197178852;-1;Продавать (Short)
179;2020-03-18;EURUSD000TOM;1.10084;1.08031;1.10199;1.09051;6393143473.04;Couple days lag;;1.0994604206516154;1.1085893112802632;-0.009128890628647746;-1;-49397711516.02001;21.846897041442137;40.440658224514465;1.1389929273002672;1.104715;1.0704370726997325;-18.593761183072328;-1;Продавать (Short)
180;2020-03-19;EURUSD000TOM;1.0924;1.06566;1.09499;1.06999;9264642214.52;Couple days lag;;1.0847252103258076;1.1008694490242106;-0.01614423869840298;-1;-58662353730.54001;11.456439609311362;25.576226962763204;1.1400981568451851;1.104257;1.068415843154815;-14.119787353451843;-1;Продавать (Short)
181;2020-03-20;EURUSD000TOM;1.07526;1.0636299999999999;1.08305;1.0666;5230405253.35;Couple days lag;;1.0756626051629037;1.0940155592193685;-0.018352954056464865;-1;-63892758983.89001;4.856775678522237;12.720037443091902;1.1417028801779;1.1035495000000002;1.0653961198221005;-7.863261764569665;-1;Продавать (Short)
182;2020-03-23;EURUSD000TOM;1.07346;1.06695;1.082;1.0730600000000001;3060430802.74;Couple days lag;;1.074361302581452;1.089824447375495;-0.015463144794042982;-1;-60832328181.15001;8.11837108812388;8.14386212531915;1.1422186155315974;1.1032725;1.0643263844684028;-0.025491037195269683;0;Ожидать (Hold)
183;2020-03-24;EURUSD000TOM;1.08286;1.07476;1.08876;1.0791;5092066897.38;Couple days lag;;1.076730651290726;1.0876795579003962;-0.010948906609670184;-1;-55740261283.77001;16.302212910829095;9.759119892491727;1.1425590364288203;1.1029750000000003;1.0633909635711802;6.543093018337368;1;Покупать (Long)
184;2020-03-25;EURUSD000TOM;1.0822;1.0786200000000001;1.08918;1.0891;4334043580.32;Couple days lag;;1.082915325645363;1.087963646320317;-0.005048320674954088;-1;-51406217703.45001;26.803718737724356;17.074767578892434;1.142538239225435;1.103021;1.063503760774565;9.728951158831922;1;Покупать (Long)
185;2020-03-26;EURUSD000TOM;1.08994;1.08901;1.1057700000000001;1.10364;4906672735.79;Couple days lag;;1.0932776628226815;1.0910989170562537;0.0021787457664277365;0;-46499544967.66001;42.8702370040593;28.65872288420424;1.1427370475046317;1.1037645;1.0647919524953684;14.211514119855057;1;Покупать (Long)
186;2020-03-27;EURUSD000TOM;1.1051799999999998;1.09564;1.11439;1.11348;4761562605.45;Couple days lag;;1.1033788314113409;1.095575133645003;0.007803697766337825;1;-41737982362.210014;58.83200209506366;42.8353192789491;1.1436177838038377;1.1044885;1.0653592161961623;15.996682816114557;1;Покупать (Long)
187;2020-03-30;EURUSD000TOM;1.10636;1.1012600000000001;1.10905;1.10448;2526629473.39;Couple days lag;;1.1039294157056703;1.0973561069160025;0.0065733087896677755;1;-44264611835.60001;60.670375572698276;54.124204890607075;1.1436363798076408;1.1045075;1.0653786201923592;6.546170682091201;1;Покупать (Long)
188;2020-03-31;EURUSD000TOM;1.0998;1.073;1.107;1.1031;4971090836.01;Couple days lag;;1.1035147078528351;1.0985048855328021;0.005009822320032997;1;-49235702671.610016;57.038211444302206;58.846863037354716;1.1427987382072462;1.1039375;1.0650762617927538;-1.8086515930525096;-1;Продавать (Short)
189;2020-04-01;EURUSD000TOM;1.09786;1.09028;1.0992;1.0967;1593877434.06;Couple days lag;;1.1001073539264175;1.0981439084262419;0.0019634455001755757;0;-50829580105.67001;56.522054807265874;58.07688060808878;1.141343563684026;1.10289;1.064436436315974;-1.5548258008229041;-1;Продавать (Short)
190;2020-04-02;EURUSD000TOM;1.09464;1.08215;1.09512;1.0853899999999999;2388203519.79;Couple days lag;;1.0927486769632087;1.0955931267409935;-0.002844449777784863;0;-53217783625.460014;45.62323181893825;53.0611660235021;1.1403812192417477;1.1015044999999999;1.062627780758252;-7.437934204563852;-1;Продавать (Short)
191;2020-04-03;EURUSD000TOM;1.0827200000000001;1.0775;1.0831600000000001;1.0809600000000001;1848124103.74;Couple days lag;;1.0868543384816043;1.0926665013927948;-0.005812162911190466;-1;-55065907729.20001;34.721706191113;45.6223309391057;1.1380297642531958;1.0994264999999999;1.060823235746804;-10.900624747992701;-1;Продавать (Short)
192;2020-04-06;EURUSD000TOM;1.0808;1.077;1.08266;1.07924;2831181273.8;Couple days lag;;1.0830471692408021;1.0899812011142358;-0.006934031873433666;-1;-57897089003.000015;31.991812654743146;37.44558355493146;1.1333891868878618;1.0968109999999998;1.0602328131121377;-5.453770900188314;-1;Продавать (Short)
193;2020-04-07;EURUSD000TOM;1.0858;1.08525;1.1;1.09005;4412218735.93;Couple days lag;;1.086548584620401;1.0899949608913886;-0.003446376270987539;0;-53484870267.070015;41.400709219858285;36.03807602190481;1.1285609353752117;1.0948954999999998;1.0612300646247879;5.362633197953478;1;Покупать (Long)
194;2020-04-08;EURUSD000TOM;1.08566;1.08454;1.0886799999999999;1.085;1447238730.59;Couple days lag;;1.0857742923102005;1.088995968713111;-0.0032216764029104894;0;-54932108997.66001;47.07446808510649;40.15566331990264;1.1231533654356272;1.0927729999999998;1.0623926345643724;6.918804765203852;1;Покупать (Long)
195;2020-04-09;EURUSD000TOM;1.08604;1.08502;1.095;1.0925;5865348894.45;Couple days lag;;1.0891371461551003;1.089696774970489;-0.0005596288153886242;0;-49066760103.210014;47.9787915090291;45.48465627133129;1.1198019689125578;1.091543;1.063284031087442;2.4941352376978116;1;Покупать (Long)
196;2020-04-10;EURUSD000TOM;1.0948;1.09334;1.09532;1.09391;2340892750.98;Couple days lag;;1.09152357307755;1.0905394199763911;0.0009841531011589577;0;-46725867352.23001;52.18847667907823;49.08057875773793;1.117608888243887;1.0907054999999999;1.0638021117561127;3.107897921340296;1;Покупать (Long)
197;2020-04-13;EURUSD000TOM;1.09654;1.08932;1.0966799999999999;1.0911;2537357856.05;Couple days lag;;1.0913117865387751;1.090651535981113;0.0006602505576620565;0;-49263225208.280014;47.12490939840537;49.09739252883756;1.113385196517454;1.0893955;1.065405803482546;-1.9724831304321881;-1;Продавать (Short)
198;2020-04-14;EURUSD000TOM;1.09294;1.09154;1.0986;1.0981;2161364526.65;Couple days lag;;1.0947058932693876;1.0921412287848904;0.0025646644844972144;0;-47101860681.63001;52.18651848272542;50.49996818673634;1.113136020111829;1.0893004999999998;1.0654649798881706;1.686550295989079;1;Покупать (Long)
199;2020-04-15;EURUSD000TOM;1.09614;1.08578;1.09665;1.0908;3542095090.32;Couple days lag;;1.0927529466346937;1.0918729830279124;0.000879963606781331;0;-50643955771.95001;51.8241121043732;50.37851332850133;1.1131537982079864;1.0893149999999998;1.0654762017920132;1.445598775871872;1;Покупать (Long)
200;2020-04-16;EURUSD000TOM;1.08866;1.0819299999999998;1.08996;1.08322;2385936449.19;Couple days lag;;1.087986473317347;1.0901423864223299;-0.002155913104982865;0;-53029892221.140015;35.67753573045425;46.56272210585095;1.1123209993454843;1.0899765;1.0676320006545155;-10.8851863753967;-1;Продавать (Short)
201;2020-04-17;EURUSD000TOM;1.0854;1.08138;1.08909;1.08735;3245043886.25;Couple days lag;;1.0876682366586734;1.0895839091378638;-0.0019156724791904445;0;-49784848334.890015;35.27769845802422;40.92644876428388;1.1106878043093056;1.091014;1.0713401956906943;-5.6487503062596645;-1;Продавать (Short)
202;2020-04-20;EURUSD000TOM;1.08542;1.0851;1.08945;1.0859999999999999;1761015949.43;Couple days lag;;1.0868341183293366;1.0888671273102912;-0.002033008980954598;0;-51545864284.320015;40.668158567774725;37.20779758541773;1.1097148903287188;1.0916609999999998;1.0736071096712807;3.4603609823569954;1;Покупать (Long)
203;2020-04-21;EURUSD000TOM;1.08438;1.08172;1.08788;1.08572;2145270779.11;Couple days lag;;1.0862770591646682;1.088237701848233;-0.0019606426835647728;0;-53691135063.430016;38.52173913043449;38.15586538541114;1.1093415839720728;1.0919919999999996;1.0746424160279264;0.36587374502335024;0;Ожидать (Hold)
204;2020-04-22;EURUSD000TOM;1.08605;1.0805;1.08825;1.0826;4092657253.08;Couple days lag;;1.084438529582334;1.0871101614785865;-0.0026716318962525243;0;-57783792316.51002;31.130434782608774;36.77344416027265;1.1094589859488304;1.0916669999999997;1.073875014051169;-5.64300937766388;-1;Продавать (Short)
205;2020-04-23;EURUSD000TOM;1.0814700000000002;1.07562;1.084;1.0779;4734468460.98;Couple days lag;;1.081169264791167;1.0852681291828694;-0.004098864391702373;-1;-62518260777.49002;16.849876948318457;28.83401695378723;1.108245184018172;1.0903799999999997;1.0725148159818274;-11.984140005468774;-1;Продавать (Short)
206;2020-04-24;EURUSD000TOM;1.0739;1.0726799999999999;1.0822;1.0822;3609835099.12;Couple days lag;;1.0816846323955835;1.0846545033462955;-0.0029698709507119947;0;-58908425678.37002;22.099097140565114;23.359802957164106;1.1035143297010963;1.0888159999999998;1.0741176702989033;-1.2607058165989926;-1;Продавать (Short)
207;2020-04-27;EURUSD000TOM;1.0851899999999999;1.0817700000000001;1.0858700000000001;1.0825200000000001;2712130472.66;Couple days lag;;1.0821023161977918;1.0842276026770366;-0.0021252864792447035;0;-56196295205.71002;36.4046147172069;25.11786293536348;1.1007592508603894;1.0877179999999997;1.07467674913961;11.286751781843417;1;Покупать (Long)
208;2020-04-28;EURUSD000TOM;1.08179;1.08174;1.0887799999999999;1.0822100000000001;3341216824.88;Couple days lag;;1.082156158098896;1.0838240821416294;-0.0016679240427333042;0;-59537512030.59002;37.36496913580332;31.956226997858437;1.0978295177036292;1.0866734999999996;1.07551748229637;5.408742137944884;1;Покупать (Long)
209;2020-04-29;EURUSD000TOM;1.0843;1.08395;1.0884200000000002;1.08738;1565565786.14;Couple days lag;;1.084768079049448;1.0845352657133036;0.000232813336144444;0;-57971946244.45002;46.739969135803;40.169850996271066;1.0963850141858205;1.0862074999999998;1.076029985814179;6.570118139531935;1;Покупать (Long)
210;2020-04-30;EURUSD000TOM;1.08781;1.08355;1.097;1.0951;3945848429.95;Couple days lag;;1.089934039524724;1.086648212570643;0.0032858269540809726;0;-54026097814.50002;71.60493827160502;51.90329218107044;1.0975705274766046;1.0866929999999997;1.0758154725233948;19.70164609053458;1;Покупать (Long)
211;2020-05-04;EURUSD000TOM;1.09336;1.0892600000000001;1.09465;1.09055;608578908.15;Couple days lag;;1.090242019762362;1.0874285700565143;0.002813449705847626;0;-54634676722.650024;77.71990740740725;65.35493827160508;1.0978403374098786;1.0871724999999997;1.0765046625901207;12.36496913580217;1;Покупать (Long)
212;2020-05-05;EURUSD000TOM;1.09055;1.0829;1.093;1.08372;594819344.55;Couple days lag;;1.086981009881181;1.0866868560452114;0.00029415383596953504;0;-55229496067.20003;57.16881903833671;68.83122157244965;1.097565132700818;1.0873964999999997;1.0772278672991813;-11.662402534112942;-1;Продавать (Short)
213;2020-05-06;EURUSD000TOM;1.083;1.0783399999999999;1.0834;1.07934;3181717063.6;Couple days lag;;1.0831605049405906;1.085217484836169;-0.0020569798955785146;0;-58411213130.800026;36.38980263157934;57.092843025774435;1.0975299866437647;1.0868609999999994;1.0761920133562342;-20.703040394195092;-1;Продавать (Short)
214;2020-05-07;EURUSD000TOM;1.07922;1.07673;1.08322;1.083;4857431467.36;Couple days lag;;1.0830802524702952;1.0847739878689353;-0.0016937353986401504;0;-53553781663.440025;34.909539473684504;42.822720381200185;1.0975348607753281;1.0867609999999994;1.0759871392246707;-7.913180907515681;-1;Продавать (Short)
215;2020-05-08;EURUSD000TOM;1.08369;1.078;1.0875;1.08395;1868286403.43;Couple days lag;;1.0835151262351475;1.0846091902951482;-0.0010940640600007878;0;-51685495260.010025;44.38733552631604;38.5622258771933;1.0968376977802272;1.0863334999999994;1.0758293022197716;5.825109649122744;1;Покупать (Long)
216;2020-05-12;EURUSD000TOM;1.0822;1.08064;1.0884200000000002;1.0847;2981360678.88;Couple days lag;;1.0841075631175738;1.0846273522361187;-0.0005197891185448889;0;-48704134581.13003;47.88240131578978;42.39309210526344;1.0957998788652663;1.0858729999999994;1.0759461211347325;5.489309210526336;1;Покупать (Long)
217;2020-05-13;EURUSD000TOM;1.08465;1.0812;1.0895;1.08174;3282580940.82;Couple days lag;;1.0829237815587869;1.084049881788895;-0.0011261002301081735;0;-51986715521.95003;43.33881578947391;45.20285087719325;1.0951834896587733;1.0854049999999993;1.0756265103412253;-1.864035087719337;-1;Продавать (Short)
218;2020-05-14;EURUSD000TOM;1.08;1.0775;1.08172;1.08;6809233010.6;Couple days lag;;1.0814618907793934;1.0832399054311161;-0.0017780146517227813;0;-58795948532.550026;33.67598684210569;41.6324013157898;1.0926211427770012;1.0844999999999996;1.076378857222998;-7.956414473684113;-1;Продавать (Short)
219;2020-05-15;EURUSD000TOM;1.07974;1.079;1.0848;1.08136;2949024385.03;Couple days lag;;1.0814109453896967;1.082863924344893;-0.001452978955196249;0;-55846924147.52003;32.894736842106056;36.63651315789523;1.0917153756253335;1.0840279999999995;1.0763406243746656;-3.741776315789174;-1;Продавать (Short)
220;2020-05-18;EURUSD000TOM;1.08219;1.08016;1.0926;1.0917;4713661340.03;Couple days lag;;1.0865554726948483;1.0846311394759143;0.0019243332189340379;0;-51133262807.49003;54.77188709007371;40.44753692476183;1.092819674946261;1.0844519999999993;1.0760843250537375;14.324350165311884;1;Покупать (Long)
221;2020-05-19;EURUSD000TOM;1.09402;1.092;1.0975;1.09222;3704305707.9;Couple days lag;;1.0893877363474243;1.0861489115807315;0.003238824766692794;0;-47428957099.59003;74.21585200657745;53.96082531291908;1.093649242178864;1.0846954999999994;1.0757417578211348;20.255026693658372;1;Покупать (Long)
222;2020-05-20;EURUSD000TOM;1.09426;1.09382;1.09975;1.09735;3709468748.73;Couple days lag;;1.0933688681737121;1.0883891292645853;0.004979738909126841;1;-43719488350.86002;82.07650126933247;70.35474678866122;1.0957781416540626;1.0852629999999994;1.0747478583459362;11.721754480671251;1;Покупать (Long)
223;2020-05-21;EURUSD000TOM;1.0969;1.094;1.1007;1.0946;4700731000.68;Couple days lag;;1.093984434086856;1.0896313034116683;0.004353130675187833;1;-48420219351.54002;82.06290298436338;79.45175208675778;1.0969841363388075;1.0857069999999995;1.0744298636611915;2.6111508976055973;1;Покупать (Long)
224;2020-05-22;EURUSD000TOM;1.0928;1.08865;1.0928;1.09004;3238046313.93;Couple days lag;;1.092012217043428;1.0897130427293347;0.002299174314093433;0;-51658265665.470024;65.03963287442622;76.3930123760407;1.0974123382551024;1.0860789999999994;1.0747456617448963;-11.353379501614484;-1;Продавать (Short)
225;2020-05-25;EURUSD000TOM;1.088;1.08722;1.09141;1.08988;1798510163.36;Couple days lag;;1.090946108521714;1.0897464341834677;0.0011996743382463038;0;-53456775828.830025;55.19399249061301;67.43217611646755;1.0974724274513619;1.0866779999999996;1.0758835725486373;-12.238183625854532;-1;Продавать (Short)
226;2020-05-26;EURUSD000TOM;1.0921399999999999;1.09146;1.0995;1.0988799999999999;3371847871.43;Couple days lag;;1.094913054260857;1.0915731473467742;0.003339906914082702;0;-50084927957.400024;73.63370880266963;64.62244472256964;1.099323210945624;1.0875119999999996;1.0757007890543753;9.011264080099991;1;Покупать (Long)
227;2020-05-27;EURUSD000TOM;1.0963;1.0939;1.103;1.10015;6869727970.49;Couple days lag;;1.0975315271304285;1.0932885178774194;0.004243009253009022;1;-43215199986.91003;90.77914929507556;73.20228352945276;1.1011745927154808;1.0883934999999996;1.0756124072845183;17.5768657656228;1;Покупать (Long)
228;2020-05-28;EURUSD000TOM;1.10142;1.0991799999999998;1.1091;1.10778;3811706965.69;Couple days lag;;1.102655763565214;1.0961868143019355;0.006468949263278567;1;-39403493021.220024;92.48695388203322;85.63327065992615;1.1046499245558892;1.0896719999999995;1.0746940754441099;6.853683222107065;1;Покупать (Long)
229;2020-05-29;EURUSD000TOM;1.10956;1.10818;1.11446;1.11095;3654554716.95;Couple days lag;;1.106802881782607;1.0991394514415485;0.007663430341058541;1;-35748938304.27003;93.16301578168685;92.1430396529319;1.1084084833410128;1.0908504999999995;1.0732925166589862;1.0199761287549478;1;Покупать (Long)
230;2020-06-01;EURUSD000TOM;1.1136;1.11012;1.11516;1.11324;2158137186.14;Couple days lag;;1.1100214408913036;1.101959561153239;0.008061879738064714;1;-33590801118.130028;92.70249963790883;92.78415643387632;1.1117984200138795;1.0917574999999995;1.0717165799861195;-0.08165679596748987;0;Ожидать (Hold)
231;2020-06-02;EURUSD000TOM;1.11239;1.1117;1.1195;1.1168200000000001;2639270547.16;Couple days lag;;1.1134207204456519;1.1049316489225913;0.008489071523060554;1;-30951530570.970028;94.26040007080937;93.37530516346835;1.115876076540125;1.0930709999999997;1.0702659234598744;0.8850949073410135;0;Ожидать (Hold)
232;2020-06-03;EURUSD000TOM;1.121;1.11858;1.1255;1.1233;4066805342.92;Couple days lag;;1.1183603602228258;1.1086053191380731;0.00975504108475267;1;-26884725228.050026;94.44393241167464;93.80227737346429;1.120928098848275;1.0950499999999996;1.0691719011517242;0.6416550382103452;0;Ожидать (Hold)
233;2020-06-04;EURUSD000TOM;1.121;1.1193899999999999;1.1361;1.1332;5202847361.82;Couple days lag;;1.125780180111413;1.1135242553104585;0.012255924800954388;1;-21681877866.230026;95.04234567758844;94.5822260533575;1.127448061588918;1.0977429999999997;1.0680379384110814;0.4601196242309413;0;Ожидать (Hold)
234;2020-06-05;EURUSD000TOM;1.13734;1.12792;1.138;1.12884;4432968646.2;Couple days lag;;1.1273100900557065;1.1165874042483668;0.010722685807339705;1;-26114846512.430027;88.38863813884882;92.62497207603731;1.1318361179048937;1.1000349999999997;1.0682338820951056;-4.2363339371884905;-1;Продавать (Short)
235;2020-06-08;EURUSD000TOM;1.1299;1.1195;1.13178;1.1292799999999998;4727827205.87;Couple days lag;;1.128295045027853;1.1191259233986934;0.009169121629159616;1;-21387019306.560028;82.39464356045696;88.60854245896475;1.1356192365827797;1.1023014999999998;1.06898376341722;-6.213898898507793;-1;Продавать (Short)
236;2020-06-09;EURUSD000TOM;1.12709;1.12429;1.13634;1.1336899999999999;3404430804.36;Couple days lag;;1.1309925225139263;1.1220387387189548;0.008953783794971582;1;-17982588502.200027;87.17014572666395;85.98447580865657;1.1396960482329082;1.1047509999999998;1.0698059517670915;1.1856699180073775;1;Покупать (Long)
237;2020-06-10;EURUSD000TOM;1.1350799999999999;1.133;1.14214;1.1373;4882381419.98;Couple days lag;;1.134146261256963;1.1250909909751639;0.0090552702817992;1;-13100207082.220028;91.34979390696685;86.97152773136258;1.1435327986329347;1.1075289999999998;1.0715252013670649;4.378266175604267;1;Покупать (Long)
238;2020-06-11;EURUSD000TOM;1.13615;1.1288;1.14001;1.12895;4440272662.4;Couple days lag;;1.1315481306284814;1.125862792780131;0.005685337848350347;1;-17540479744.620026;83.58521485797525;87.36838483053536;1.1447976885351665;1.1099764999999997;1.075155311464833;-3.783169972560117;-1;Продавать (Short)
239;2020-06-15;EURUSD000TOM;1.1233;1.12286;1.133;1.13164;2608231826.49;Couple days lag;;1.1315940653142407;1.1270182342241049;0.004575831090135818;1;-14932247918.130026;77.63250815852692;84.18917230782301;1.1459167624144815;1.1124904999999996;1.0790642375855177;-6.556664149296097;-1;Продавать (Short)
240;2020-06-16;EURUSD000TOM;1.13409;1.123;1.1350200000000001;1.12616;7282302645.34;Couple days lag;;1.1288770326571202;1.126846587379284;0.002030445277836357;0;-22214550563.470024;73.07786573577796;78.09852958409338;1.1467152256619055;1.1142134999999995;1.0817117743380935;-5.020663848315422;-1;Продавать (Short)
241;2020-06-17;EURUSD000TOM;1.1284399999999999;1.121;1.1291200000000001;1.12398;2785095963.82;Couple days lag;;1.1264285163285601;1.126273269903427;0.00015524642513309317;0;-24999646527.290024;62.301041348194076;71.00380508083299;1.1469239885091602;1.1158014999999994;1.0846790114908387;-8.702763732638914;-1;Продавать (Short)
242;2020-06-18;EURUSD000TOM;1.1255;1.11876;1.126;1.12056;6264151541.23;Couple days lag;;1.1234942581642802;1.1251306159227417;-0.001636357758461493;0;-31263798068.520023;47.091385856512346;60.82343098016147;1.1469563218626648;1.1169619999999996;1.0869676781373343;-13.732045123649122;-1;Продавать (Short)
243;2020-06-19;EURUSD000TOM;1.1216;1.117;1.1254600000000001;1.11812;2663063947.8;Couple days lag;;1.1208071290821402;1.1237284927381934;-0.002921363656053222;0;-33926862016.320023;30.719518645958352;46.703981950221596;1.1463228154863743;1.1181379999999996;1.089953184513625;-15.984463304263244;-1;Продавать (Short)
244;2020-06-22;EURUSD000TOM;1.1192600000000001;1.119;1.1268799999999999;1.1265;3992906054.73;Couple days lag;;1.1236535645410701;1.1242827941905549;-0.0006292296494847527;0;-29933955961.590023;36.802310645203164;38.204405049224626;1.1452033373719663;1.1199609999999998;1.0947186626280332;-1.4020944040214616;-1;Продавать (Short)
245;2020-06-23;EURUSD000TOM;1.1276;1.1276;1.1345100000000001;1.13083;3686911424.33;Couple days lag;;1.1272417822705352;1.125592235352444;0.0016495469180912714;0;-26247044537.260025;51.816084852552734;39.779304714571424;1.1435273357259519;1.1220084999999997;1.1004896642740476;12.03678013798131;1;Покупать (Long)
246;2020-06-25;EURUSD000TOM;1.1237;1.11904;1.12483;1.12175;4553216733.24;Couple days lag;;1.1244958911352676;1.1248237882819552;-0.0003278971466875724;0;-30800261270.500023;36.95306284805113;41.85715278193569;1.1418831981464408;1.1231519999999997;1.1044208018535586;-4.904089933884556;-1;Продавать (Short)
247;2020-06-26;EURUSD000TOM;1.12086;1.11976;1.12381;1.12252;3034617985.08;Couple days lag;1.12252;1.1235079455676338;1.124363030625564;-0.0008550850579303049;0;-27765643285.42002;20.42561654733502;36.398254749312976;1.139766147743813;1.1242704999999997;1.1087748522561864;-15.972638201977954;-1;Продавать (Short)
